"","X","Place","group1_rate","group2_rate","group3_rate","group4_rate","group5_rate","group6_rate","group7_rate","group8_rate"
"1",1,"Standard",0.086045,0.008585,0.04588,0.085085,0.08527,0.461025,0.14109,0.08702
"2",2,"Airport",0.04526272,0.01224787,0.06414339,0.0656349,0.11939041,0.43841409,0.10221181,0.15269479
"3",3,"Nassau or Westchester",0.021671388,0.005240793,0.014400378,0.018791313,0.015533522,0.078800755,0.023843248,0.821718602
